"Track URI","Track Name","Artist URI(s)","Artist Name(s)","Album URI","Album Name","Album Artist URI(s)","Album Artist Name(s)","Album Release Date","Album Image URL","Disc Number","Track Number","Track Duration (ms)","Track Preview URL","Explicit","Popularity","ISRC","Added By","Added At"
"spotify:track:1yEBMvOYbhJJTX7x3iW41O","Génesis - MTV Unplugged","spotify:artist:7An4yvF7hDYDolN4m5zKBp","Soda Stereo","spotify:album:2Bd03Vcmh8Sl4aCuyTQwex","Comfort y Música Para Volar","spotify:artist:7An4yvF7hDYDolN4m5zKBp","Soda Stereo","2008-01-22","https://i.scdn.co/image/ab67616d0000b2735b41c0e7add793dde3b0af4f","1","13","515693","https://p.scdn.co/mp3-preview/b2e886f925bc46ee693aa0aaacc73fa7b818bb40?cid=9950ac751e34487dbbe027c4fd7f8e99","false","46","ARFSB0701328","spotify:user:11176142204","2021-07-23T17:06:15Z"
"spotify:track:6hmYi0E6EBEmDeztQHaH0C","Bajan","spotify:artist:3q1NXsv9XypOUCJfEatXH9","Pescado Rabioso","spotify:album:5MJR9j21vjEi4ODxzhvoTA","Artaud","spotify:artist:3q1NXsv9XypOUCJfEatXH9","Pescado Rabioso","1973-05-07","https://i.scdn.co/image/ab67616d0000b27350db5a166ea23d5d6c4cd387","1","7","204466","https://p.scdn.co/mp3-preview/948a3fcde5a91188b82d3cc28c181e80d1d19b2c?cid=9950ac751e34487dbbe027c4fd7f8e99","false","64","ARF109902852","spotify:user:11176142204","2021-09-22T16:31:35Z"
"spotify:track:3tq1RYXZlLjdLCCqlc6djf","La del Pirata Cojo - En Directo","spotify:artist:4aeIWo5CMF1uRmqgJdwkZW","Joaquín Sabina","spotify:album:6lzBpfskJ6azfSi88CECKv","Nos Sobran Los Motivos","spotify:artist:4aeIWo5CMF1uRmqgJdwkZW","Joaquín Sabina","2001","https://i.scdn.co/image/ab67616d0000b2735400a55ed99557265d925dc4","2","8","294586","https://p.scdn.co/mp3-preview/115a3045f9e8c90492ae5f5bca5a29c70a9d6f62?cid=9950ac751e34487dbbe027c4fd7f8e99","false","37","ES5020000593","spotify:user:11176142204","2021-10-17T13:53:45Z"
"spotify:track:4X0m9w58gg3MkZgiLzI7hP","La Rubia Tarada","spotify:artist:7f4QZ3v32jtmstrh7VHfJL, spotify:artist:5FgVbD73IGd9orGZK888A8, spotify:artist:6ywkcDTnQhiJHOV3vVPlia, spotify:artist:59YTycBxhexu6zRUAQas1t","Lo' Pibitos, Emme, Caro PardIaco, Ramiro Flores","spotify:album:6sSNHCJ8sqVXBC2YuWFxaP","En Espiral","spotify:artist:7f4QZ3v32jtmstrh7VHfJL","Lo' Pibitos","2018-11-16","https://i.scdn.co/image/ab67616d0000b27380b03e46e5ef79bf8b2d4de5","1","11","264046","https://p.scdn.co/mp3-preview/cef3d7568450d5f526d478e2736a2d04d0c7d8b0?cid=9950ac751e34487dbbe027c4fd7f8e99","false","34","ARF841800091","spotify:user:11176142204","2021-11-06T00:54:08Z"
"spotify:track:5bLaUOpi4YlCY8F3txSKxN","Pumped Up Kicks - Gus Dapperton Version","spotify:artist:7gP3bB2nilZXLfPHJhMdvc, spotify:artist:6sHCvZe1PHrOAuYlwTLNH4","Foster The People, Gus Dapperton","spotify:album:3N6JDO9GBMR7sZHpgxY1OS","Pumped Up Kicks (Gus Dapperton Version)","spotify:artist:7gP3bB2nilZXLfPHJhMdvc, spotify:artist:6sHCvZe1PHrOAuYlwTLNH4","Foster The People, Gus Dapperton","2021-11-10","https://i.scdn.co/image/ab67616d0000b2739758a0faee5bd5d1c5d3a406","1","1","232200","https://p.scdn.co/mp3-preview/9a87880797518f03ababa46c625ef5df2610f215?cid=9950ac751e34487dbbe027c4fd7f8e99","false","41","USQX92103218","spotify:user:11176142204","2021-12-01T22:16:16Z"
"spotify:track:6XaH8Mw8EvzVrFQ5ww5rLm","Etiqueta Negra","spotify:artist:6byQKddO1b34lXC2ZEjehQ","Patricio Rey y sus Redonditos de Ricota","spotify:album:2qP2OCdnHQz3cwrxyqjzEk","Cordero Atado","spotify:artist:6byQKddO1b34lXC2ZEjehQ","Patricio Rey y sus Redonditos de Ricota","1993-04-12","https://i.scdn.co/image/ab67616d0000b2733da5671d0d7236acdc43c1d8","1","12","336546","https://p.scdn.co/mp3-preview/3016a65c421ab54b28b7c061527a569c87b3d0d9?cid=9950ac751e34487dbbe027c4fd7f8e99","false","53","AR5CC9300025","spotify:user:11176142204","2022-01-20T23:19:48Z"
"spotify:track:3ywytFNiWrmc59LKpGP6NY","El Arte del Buen Comer","spotify:artist:6byQKddO1b34lXC2ZEjehQ","Patricio Rey y sus Redonditos de Ricota","spotify:album:2qP2OCdnHQz3cwrxyqjzEk","Cordero Atado","spotify:artist:6byQKddO1b34lXC2ZEjehQ","Patricio Rey y sus Redonditos de Ricota","1993-04-12","https://i.scdn.co/image/ab67616d0000b2733da5671d0d7236acdc43c1d8","1","8","276440","https://p.scdn.co/mp3-preview/677e1992882aa3c26c3f85cab15172b98965f0d8?cid=9950ac751e34487dbbe027c4fd7f8e99","false","44","AR5CC9300021","spotify:user:11176142204","2022-03-23T17:45:22Z"
"spotify:track:61zbxB39zUY5oxBvEvvMYv","Seminare (Remasterizado 2021)","spotify:artist:6CrQKZeuSKNYgrE7PeYqJ1","Serú Girán","spotify:album:23jPuEGchD65GA5PGJRwJo","Serú Girán (Remasterizado 2021)","spotify:artist:6CrQKZeuSKNYgrE7PeYqJ1","Serú Girán","2021-12-22","https://i.scdn.co/image/ab67616d0000b27375b562e28c9cc7f4406d4ca2","1","6","202513","https://p.scdn.co/mp3-preview/51c85a499a8757a415501844c412f709eae73dbb?cid=9950ac751e34487dbbe027c4fd7f8e99","false","64","ARXP71600006","spotify:user:11176142204","2022-06-06T21:28:34Z"
"spotify:track:6nVlgOrWw8bxixk8Pqsjjs","Perdón - En Vivo Acústico","spotify:artist:2wjmZuSHtRx96Qxb8HiP2o","Guasones","spotify:album:3RBBy6nRQ3BHhLjrJ7m86Q","Acústico Gran Rex","spotify:artist:2wjmZuSHtRx96Qxb8HiP2o","Guasones","2013-03-14","https://i.scdn.co/image/ab67616d0000b273f31151b592dcde2f026e41f8","1","9","261866","https://p.scdn.co/mp3-preview/5567c9e4e33d8f2cb26c4ce0c153cb38b78b8d23?cid=9950ac751e34487dbbe027c4fd7f8e99","false","30","ARF851300009","spotify:user:11176142204","2022-08-14T14:05:57Z"
"spotify:track:7vezPEn5MUwZS3EtJqM3GK","Conversaciones con el techo","spotify:artist:7HFja6X48hWE58m3pQnGV0","Cardellino","spotify:album:4ocmP0kNybxr9WRIeSdCsn","Room Session","spotify:artist:7HFja6X48hWE58m3pQnGV0","Cardellino","2022-01-14","https://i.scdn.co/image/ab67616d0000b273843490781a3c90421eaf0f05","1","2","189593","https://p.scdn.co/mp3-preview/481007b9e50150b3f889e968ce254760b8322488?cid=9950ac751e34487dbbe027c4fd7f8e99","false","48","QM4TW2206998","spotify:user:11176142204","2022-09-14T14:12:44Z"
"spotify:track:2a1iMaoWQ5MnvLFBDv4qkf","High and Dry","spotify:artist:4Z8W4fKeB5YxbusRsdQVPb","Radiohead","spotify:album:35UJLpClj5EDrhpNIi4DFg","The Bends","spotify:artist:4Z8W4fKeB5YxbusRsdQVPb","Radiohead","1995-03-13","https://i.scdn.co/image/ab67616d0000b2739293c743fa542094336c5e12","1","3","257480","https://p.scdn.co/mp3-preview/ae7ca2c6a3471d6b591ad0d1d0f83dc311afd1c4?cid=9950ac751e34487dbbe027c4fd7f8e99","false","79","GBAYE9400055","spotify:user:11176142204","2022-09-20T01:09:06Z"
"spotify:track:1crk0MXXyFQ1zVow6YTJOo","Los Caminos de la Vida","spotify:artist:25THA9HUHoxpCT4LBp7UsZ","Vicentico","spotify:album:3V1lU1Jy0eKU2wMCsmJ0TF","Los Rayos","spotify:artist:25THA9HUHoxpCT4LBp7UsZ","Vicentico","2004","https://i.scdn.co/image/ab67616d0000b273cf77d8e892662f32102f7f2e","1","1","239040","https://p.scdn.co/mp3-preview/2afd6d29582b0d8f2091b6f38408866df6f1891a?cid=9950ac751e34487dbbe027c4fd7f8e99","false","65","ES5020400153","spotify:user:11176142204","2022-09-20T11:53:30Z"
"spotify:track:1p7m9H4H8s0Y7SgRm7j3ED","Flaca","spotify:artist:3tAICgiSR5PfYY4B8qsoAU","Andrés Calamaro","spotify:album:44D07i1Lk0zFtWHRARMih6","Alta Suciedad","spotify:artist:3tAICgiSR5PfYY4B8qsoAU","Andrés Calamaro","1997","https://i.scdn.co/image/ab67616d0000b273e4b8ec3d2ffe1f77c7185d48","1","5","277653","https://p.scdn.co/mp3-preview/882d22e49b8587814119fb95f5e36d6bd2a10425?cid=9950ac751e34487dbbe027c4fd7f8e99","false","78","ES5019753004","spotify:user:11176142204","2022-09-27T11:47:41Z"
"spotify:track:2N2yrmodOnVF10mKvItC9P","Don't Cry (Original)","spotify:artist:3qm84nBOXUEQ2vnTfUTTFC","Guns N' Roses","spotify:album:0CxPbTRARqKUYighiEY9Sz","Use Your Illusion I","spotify:artist:3qm84nBOXUEQ2vnTfUTTFC","Guns N' Roses","1991-09-17","https://i.scdn.co/image/ab67616d0000b273e44963b8bb127552ac761873","1","4","283733","https://p.scdn.co/mp3-preview/9629f477f594def6531865c7783910a0a85473a0?cid=9950ac751e34487dbbe027c4fd7f8e99","false","80","USGF19141504","spotify:user:11176142204","2022-10-22T16:56:35Z"
"spotify:track:2PzU4IB8Dr6mxV3lHuaG34","(I Can't Get No) Satisfaction - Mono Version","spotify:artist:22bE4uQ6baNwSHPVcDxLCe","The Rolling Stones","spotify:album:2Q5MwpTmtjscaS34mJFXQQ","Out Of Our Heads","spotify:artist:22bE4uQ6baNwSHPVcDxLCe","The Rolling Stones","1965-07-30","https://i.scdn.co/image/ab67616d0000b27305c5be85b64eaff732f7cb0b","1","7","222813","https://p.scdn.co/mp3-preview/22782e4be2eb4daa12edd8882a894ffda3601b43?cid=9950ac751e34487dbbe027c4fd7f8e99","false","80","USA176510160","spotify:user:11176142204","2022-11-09T13:26:55Z"
"spotify:track:3AJwUDP919kvQ9QcozQPxg","Yellow","spotify:artist:4gzpq5DPGxSnKTe4SA8HAU","Coldplay","spotify:album:6ZG5lRT77aJ3btmArcykra","Parachutes","spotify:artist:4gzpq5DPGxSnKTe4SA8HAU","Coldplay","2000-07-10","https://i.scdn.co/image/ab67616d0000b2733d92b2ad5af9fbc8637425f0","1","5","266773","https://p.scdn.co/mp3-preview/c0d9119dc69cae75baf6463e21e43f433fdf5ff4?cid=9950ac751e34487dbbe027c4fd7f8e99","false","92","GBAYE0000267","spotify:user:11176142204","2022-11-09T14:56:11Z"
"spotify:track:3hJLKtTpgct9Y9wKww0BiR","Miss You - Remastered","spotify:artist:22bE4uQ6baNwSHPVcDxLCe","The Rolling Stones","spotify:album:1Jv2AqzhgsduUik2p4k3cS","Some Girls","spotify:artist:22bE4uQ6baNwSHPVcDxLCe","The Rolling Stones","1978-06-09","https://i.scdn.co/image/ab67616d0000b27305c7aec05eabf142cc33b936","1","1","288666","https://p.scdn.co/mp3-preview/c9ba21548dcf1d785790bfbc1fd273eb9b4d9a1e?cid=9950ac751e34487dbbe027c4fd7f8e99","false","74","GBCJN7800001","spotify:user:11176142204","2022-11-09T13:28:06Z"
"spotify:track:2WE7vQVhCBf8E9COHIK7uP","Angel de los Perdedores","spotify:artist:0CFMR3ZXAZ591sp0z2Hwjp, spotify:artist:0nUGkxUncFeXt0Dr0hhrc4, spotify:artist:17RXWSHeHAjnFQP9GRwHAs","El Soldado, Indio Solari, Sergio Dawi","spotify:album:0BnkbEjDMgBCVaWJYnj68f","Tren de Fugitivos","spotify:artist:0CFMR3ZXAZ591sp0z2Hwjp","El Soldado","1997-10-10","https://i.scdn.co/image/ab67616d0000b273de41464a32a5c3e1b726be9b","1","4","316626","https://p.scdn.co/mp3-preview/41486f4b390ed7f215652b1d6e758949ff5c91b2?cid=9950ac751e34487dbbe027c4fd7f8e99","false","61","ARA901200053","spotify:user:11176142204","2022-11-09T13:31:44Z"
"spotify:track:0R8P9KfGJCDULmlEoBagcO","Trouble","spotify:artist:4gzpq5DPGxSnKTe4SA8HAU","Coldplay","spotify:album:6ZG5lRT77aJ3btmArcykra","Parachutes","spotify:artist:4gzpq5DPGxSnKTe4SA8HAU","Coldplay","2000-07-10","https://i.scdn.co/image/ab67616d0000b2733d92b2ad5af9fbc8637425f0","1","6","273426","https://p.scdn.co/mp3-preview/06ed55949d3f16769d42fa156d31324cc1524093?cid=9950ac751e34487dbbe027c4fd7f8e99","false","75","GBAYE0000560","spotify:user:11176142204","2022-11-09T14:56:39Z"
"spotify:track:63WYTOfMwaoD1OwsM2fdBg","Y Mientras Tanto el Sol Se Muere...","spotify:artist:0nUGkxUncFeXt0Dr0hhrc4, spotify:artist:1SKA2QwV2fwGgoMlx16FXO","Indio Solari, Los Fundamentalistas del Aire Acondicionado","spotify:album:0CJMyEhIr0E4gyiQ3LqVp4","Porco Rex","spotify:artist:0nUGkxUncFeXt0Dr0hhrc4, spotify:artist:1SKA2QwV2fwGgoMlx16FXO","Indio Solari, Los Fundamentalistas del Aire Acondicionado","2007-01-01","https://i.scdn.co/image/ab67616d0000b273d0e8de40f10d78ee34f78b09","1","9","240800","https://p.scdn.co/mp3-preview/daa22d731bf188175e034c0d1aee0d84ca0494bc?cid=9950ac751e34487dbbe027c4fd7f8e99","false","56","ARG601101190","spotify:user:11176142204","2022-12-04T20:53:52Z"
"spotify:track:3T949qFxbbMfLyuBU6ik6K","Donde manda marinero","spotify:artist:3tAICgiSR5PfYY4B8qsoAU","Andrés Calamaro","spotify:album:44D07i1Lk0zFtWHRARMih6","Alta Suciedad","spotify:artist:3tAICgiSR5PfYY4B8qsoAU","Andrés Calamaro","1997","https://i.scdn.co/image/ab67616d0000b273e4b8ec3d2ffe1f77c7185d48","1","3","244866","https://p.scdn.co/mp3-preview/39d78fda2c6ba85a988326de9a9a0c849f1aa350?cid=9950ac751e34487dbbe027c4fd7f8e99","false","54","ES5019753002","spotify:user:11176142204","2022-12-13T09:36:44Z"
"spotify:track:0YP4206cbW33As0eSLoP98","El Arbol De La Vida / Voy A Dejarte","spotify:artist:7wTu5u7W3kc9Id5JAvSAFV","Viejas Locas","spotify:album:6jnYqzP7SLpLabodU9Ie0E","Especial","spotify:artist:7wTu5u7W3kc9Id5JAvSAFV","Viejas Locas","1999-01-01","https://i.scdn.co/image/ab67616d0000b273df3f8fd1d8e59db737afc889","1","15","373653","https://p.scdn.co/mp3-preview/bd33ae9c46ff97b11e3aeed3db0030e23e42e640?cid=9950ac751e34487dbbe027c4fd7f8e99","false","47","ARF149900174","spotify:user:11176142204","2022-12-17T23:23:00Z"
"spotify:track:3OElWrULXxGTcovKuBsjc5","Ni Siquiera","spotify:artist:2wjmZuSHtRx96Qxb8HiP2o","Guasones","spotify:album:0qLHnQBkMI3lhYELDxZeDb","El Huracán, Vol. 9","spotify:artist:2wjmZuSHtRx96Qxb8HiP2o","Guasones","2022-06-17","https://i.scdn.co/image/ab67616d0000b2731e75a20e5de2288c3641d06e","1","2","230655","https://p.scdn.co/mp3-preview/0d69b74b70ca1bf377c367b590c78ca88457777b?cid=9950ac751e34487dbbe027c4fd7f8e99","false","32","ARF472100148","spotify:user:11176142204","2022-12-19T01:31:59Z"
"spotify:track:3k9dGCm2R2Y70e87aMHYC3","Hablando a Tu Corazón","spotify:artist:3jO7X5KupvwmWTHGtHgcgo, spotify:artist:2FFrhWZS9vJsh2UvxYPRr6","Charly García, Pedro Aznar","spotify:album:7yNFDuCsXe2P0DSenIMKxk","García 87/93","spotify:artist:3jO7X5KupvwmWTHGtHgcgo","Charly García","1993-10-26","https://i.scdn.co/image/ab67616d0000b27342542c948d51893462874c89","1","10","255266","https://p.scdn.co/mp3-preview/3f9ff715cc459a84d324889e8e2cb33007357cde?cid=9950ac751e34487dbbe027c4fd7f8e99","false","65","ARF109400191","spotify:user:11176142204","2022-12-19T01:43:34Z"
"spotify:track:7ofV2J7Ndzo2s5NBEgfpxl","The Show Must Go On - Remastered 2011","spotify:artist:1dfeR4HaWDbWqFHLkxsg1d","Queen","spotify:album:1uG9cIT7IRuq9NqFvKFUsI","Greatest Hits II (Remastered)","spotify:artist:1dfeR4HaWDbWqFHLkxsg1d","Queen","1991-10-28","https://i.scdn.co/image/ab67616d0000b273f7c223721f1d860395444dbe","1","16","263626","https://p.scdn.co/mp3-preview/03927b99358e5aeadcbaba2fd61f32f70bb39889?cid=9950ac751e34487dbbe027c4fd7f8e99","false","53","GBUM71029636","spotify:user:11176142204","2022-12-19T21:23:59Z"
"spotify:track:0z1b34WikhOH9ZxU8QDWcv","One Headlight","spotify:artist:0jJNGWrpjGIHUdTTJiIYeB","The Wallflowers","spotify:album:2BOlaNQt6WJ1HO5pQcKHGh","Bringing Down The Horse","spotify:artist:0jJNGWrpjGIHUdTTJiIYeB","The Wallflowers","1996-01-01","https://i.scdn.co/image/ab67616d0000b273e542fbcf1a83b7c726eb50a6","1","1","312626","https://p.scdn.co/mp3-preview/6b0a1c1ab240bd452e9645e6a495b6fc32000a46?cid=9950ac751e34487dbbe027c4fd7f8e99","false","74","USIR19600462","spotify:user:11176142204","2022-12-28T15:20:42Z"
"spotify:track:5MxNLUsfh7uzROypsoO5qe","Dream On","spotify:artist:7Ey4PD4MYsKc5I2dolUwbH","Aerosmith","spotify:album:19lEZSnCCbVEkKchoPQWDZ","Aerosmith","spotify:artist:7Ey4PD4MYsKc5I2dolUwbH","Aerosmith","1973-01-05","https://i.scdn.co/image/ab67616d0000b273b11078ee23dcd99e085ac33e","1","3","266960","","false","11","USSM10011897","spotify:user:11176142204","2023-01-07T17:08:27Z"
"spotify:track:7gDSHVkE4xwsopTRpAWufN","Quiero (with Andrés Calamaro)","spotify:artist:1DbNO9pwS4AzYbWX367Pvg, spotify:artist:3tAICgiSR5PfYY4B8qsoAU","Emanuel Ortega, Andrés Calamaro","spotify:album:5tgiLAuWEj6Vi1cdwYvMHx","A Escondidas","spotify:artist:1DbNO9pwS4AzYbWX367Pvg","Emanuel Ortega","1999","https://i.scdn.co/image/ab67616d0000b27340de04f009036aeb1357bada","1","12","224493","https://p.scdn.co/mp3-preview/9ac8753050900b3ae096cac5816405ea32ddb394?cid=9950ac751e34487dbbe027c4fd7f8e99","false","22","ARF109800556","spotify:user:11176142204","2023-01-07T18:05:55Z"
"spotify:track:3AjSUbPd7siXGOSlmXm9Nr","Homero","spotify:artist:7wTu5u7W3kc9Id5JAvSAFV","Viejas Locas","spotify:album:6jnYqzP7SLpLabodU9Ie0E","Especial","spotify:artist:7wTu5u7W3kc9Id5JAvSAFV","Viejas Locas","1999-01-01","https://i.scdn.co/image/ab67616d0000b273df3f8fd1d8e59db737afc889","1","5","263653","https://p.scdn.co/mp3-preview/a6628b1eaed1e588c692e0b7111af54a019611ec?cid=9950ac751e34487dbbe027c4fd7f8e99","false","63","ARF149900164","spotify:user:11176142204","2023-01-07T18:29:56Z"
"spotify:track:3YuaBvuZqcwN3CEAyyoaei","Like a Stone","spotify:artist:2ziB7fzrXBoh1HUPS6sVFn","Audioslave","spotify:album:78guAsers0klWl6RwzgDLd","Audioslave","spotify:artist:2ziB7fzrXBoh1HUPS6sVFn","Audioslave","2002-11-17","https://i.scdn.co/image/ab67616d0000b273a7292b6863258e889b78d787","1","5","293960","https://p.scdn.co/mp3-preview/46d898c23fb28b9f52abf78b794aa500988d2132?cid=9950ac751e34487dbbe027c4fd7f8e99","false","80","USSM10211587","spotify:user:11176142204","2023-01-07T20:04:50Z"
"spotify:track:7Gpr3kKk4BMgItz6UbI73q","Road Trippin'","spotify:artist:0L8ExT028jH3ddEcZwqJJ5","Red Hot Chili Peppers","spotify:album:0fLhefnjlIV3pGNF9Wo8CD","Californication","spotify:artist:0L8ExT028jH3ddEcZwqJJ5","Red Hot Chili Peppers","1999-06-08","https://i.scdn.co/image/ab67616d0000b273a9249ebb15ca7a5b75f16a90","1","15","204960","https://p.scdn.co/mp3-preview/71b342b56899f3b2c18374f1367706960221b770?cid=9950ac751e34487dbbe027c4fd7f8e99","false","69","USWB19900700","spotify:user:11176142204","2023-01-07T20:05:45Z"
"spotify:track:0avt2NdbcwDOlsPkDlxl0F","Tomo Lo Que Encuentro","spotify:artist:0G7A5LzQAs2egiQl7hO5tV","Virus","spotify:album:5K3EGqntkI4To4TKtmIj2r","Locura","spotify:artist:0G7A5LzQAs2egiQl7hO5tV","Virus","1985-04-29","https://i.scdn.co/image/ab67616d0000b273292c1ca632a1e120d1208c95","1","2","255426","https://p.scdn.co/mp3-preview/20885d969e7d9d8870581fe3ecddaf7cf4cf88fe?cid=9950ac751e34487dbbe027c4fd7f8e99","false","52","ARF100300174","spotify:user:11176142204","2023-01-16T01:53:31Z"
"spotify:track:4Dvkj6JhhA12EX05fT7y2e","As It Was","spotify:artist:6KImCVD70vtIoJWnq6nGn3","Harry Styles","spotify:album:5r36AJ6VOJtp00oxSkBZ5h","Harry's House","spotify:artist:6KImCVD70vtIoJWnq6nGn3","Harry Styles","2022-05-20","https://i.scdn.co/image/ab67616d0000b2732e8ed79e177ff6011076f5f0","1","4","167303","https://p.scdn.co/mp3-preview/c43dd07043b29e800c1a65b3a0102861fa3cf418?cid=9950ac751e34487dbbe027c4fd7f8e99","false","95","USSM12200612","spotify:user:11176142204","2023-02-17T03:10:45Z"
"spotify:track:5cBdKHSiooNsZ3FIWlYdDh","Tuyo siempre - En directo 2005","spotify:artist:3tAICgiSR5PfYY4B8qsoAU","Andrés Calamaro","spotify:album:3hIwt5XJuGCaTgSO6DqL7N","El regreso","spotify:artist:3tAICgiSR5PfYY4B8qsoAU","Andrés Calamaro","2005-11-07","https://i.scdn.co/image/ab67616d0000b2734a029551bb3c5031e59cb1fb","1","4","182680","https://p.scdn.co/mp3-preview/2a2641388571a818045416538240805d1abad82d?cid=9950ac751e34487dbbe027c4fd7f8e99","false","60","ES5010500521","spotify:user:11176142204","2023-02-21T03:29:25Z"
"spotify:track:6UdCeS92BsXBNoITIxVqdi","Los chicos","spotify:artist:3tAICgiSR5PfYY4B8qsoAU","Andrés Calamaro","spotify:album:5MQ7xWpg5tP0uebwdcdyYk","La lengua popular","spotify:artist:3tAICgiSR5PfYY4B8qsoAU","Andrés Calamaro","2007-09-11","https://i.scdn.co/image/ab67616d0000b273557e06d39588819e7a322817","1","1","191906","https://p.scdn.co/mp3-preview/59dfa997e03bf736618deb329fd8bb53ff429ae0?cid=9950ac751e34487dbbe027c4fd7f8e99","false","50","ES5010700329","spotify:user:11176142204","2023-02-21T03:32:35Z"
"spotify:track:7fbuABzGfagLWkI54bxL6c","Un Ángel para Tu Soledad","spotify:artist:6byQKddO1b34lXC2ZEjehQ","Patricio Rey y sus Redonditos de Ricota","spotify:album:6JrFFJuOdqxp1lOMTuOrlF","Lobo Suelto","spotify:artist:6byQKddO1b34lXC2ZEjehQ","Patricio Rey y sus Redonditos de Ricota","1993-04-12","https://i.scdn.co/image/ab67616d0000b273074392d2ae6b119d67289def","1","5","231533","https://p.scdn.co/mp3-preview/cb303e0a08f8ac84995b2777582139da72965028?cid=9950ac751e34487dbbe027c4fd7f8e99","false","68","AR5CC9300005","spotify:user:11176142204","2023-02-21T03:34:39Z"
"spotify:track:1w6mcMacExya7bvbElMuar","Óleo de Mujer Con Sombrero","spotify:artist:4rUyBlggM5tZUH5QZn9ZuO","Silvio Rodríguez","spotify:album:4WEu5ZKJLZ9bOEav4ELwpd","Al Final de Este Viaje...","spotify:artist:4rUyBlggM5tZUH5QZn9ZuO","Silvio Rodríguez","1978-01-01","https://i.scdn.co/image/ab67616d0000b273524e56c2cc65b709d457ea7c","1","7","144632","https://p.scdn.co/mp3-preview/b215414e9f6751861df11f41831de812c17bbe14?cid=9950ac751e34487dbbe027c4fd7f8e99","false","64","ESAAI0205374","spotify:user:11176142204","2023-02-21T03:37:41Z"
"spotify:track:44m9PAUZYeOEGeaTYh6NAl","Tan Lejos","spotify:artist:4ZDoy7AWNgQVmX7T0u0B1j, spotify:artist:6AvKcjNtR1AYU8wN72MvNK","No Te Va Gustar, Juan Casanova","spotify:album:1uepX7Q6C8lSh2kR96DmtX","El Camino Más Largo","spotify:artist:4ZDoy7AWNgQVmX7T0u0B1j","No Te Va Gustar","2008-10-23","https://i.scdn.co/image/ab67616d0000b273ddd09616444114aeb60160a1","1","7","298000","https://p.scdn.co/mp3-preview/7b3a76e9c2088c669c0f1d974053e9051352fe35?cid=9950ac751e34487dbbe027c4fd7f8e99","false","69","UYB140800059","spotify:user:11176142204","2023-03-07T21:31:48Z"
"spotify:track:1chxAv59LZcOE5FyrlUze2","You Don't Fool Me - Remastered 2011","spotify:artist:1dfeR4HaWDbWqFHLkxsg1d","Queen","spotify:album:274tWwrhGJy0IFeMENjWi7","Made In Heaven (Deluxe Edition 2011 Remaster)","spotify:artist:1dfeR4HaWDbWqFHLkxsg1d","Queen","1995-11-06","https://i.scdn.co/image/ab67616d0000b27395b06b0399c5f32d804dbb89","1","9","324853","https://p.scdn.co/mp3-preview/07e1334cc3f0fd5da04baf04238fb9d41989f4c5?cid=9950ac751e34487dbbe027c4fd7f8e99","false","57","GBUM71103757","spotify:user:11176142204","2023-03-18T16:25:37Z"
"spotify:track:6mFkJmJqdDVQ1REhVfGgd1","Wish You Were Here","spotify:artist:0k17h0D3J5VfsdmQ1iZtE9","Pink Floyd","spotify:album:0bCAjiUamIFqKJsekOYuRw","Wish You Were Here","spotify:artist:0k17h0D3J5VfsdmQ1iZtE9","Pink Floyd","1975-09-12","https://i.scdn.co/image/ab67616d0000b2731a84d71391df7469c5ab8539","1","4","334743","https://p.scdn.co/mp3-preview/e3d046771206da9115d0a619ede2210b610dc9f0?cid=9950ac751e34487dbbe027c4fd7f8e99","false","78","GBN9Y1100088","spotify:user:11176142204","2023-03-19T00:21:29Z"
"spotify:track:5exsngywf8qMS6f00gKVWY","Esa Estrella Era Mi Lujo","spotify:artist:6byQKddO1b34lXC2ZEjehQ","Patricio Rey y sus Redonditos de Ricota","spotify:album:07hue2DRapyJHxGJBROTYb","¡Bang! ¡Bang!... Estás Liquidado","spotify:artist:6byQKddO1b34lXC2ZEjehQ","Patricio Rey y sus Redonditos de Ricota","1989-07-04","https://i.scdn.co/image/ab67616d0000b273eb35b5a4084fb41414b60d5b","1","6","176173","https://p.scdn.co/mp3-preview/527a90f109f8ff7b53595387c9809a26d56987bc?cid=9950ac751e34487dbbe027c4fd7f8e99","false","68","AR5CC8900006","spotify:user:11176142204","2023-03-19T02:10:20Z"
"spotify:track:69xAODJbGD64reFIgp8MxX","Lamento Boliviano","spotify:artist:0Zncosr79q01riJYbSBNA1, spotify:artist:7CwiLiC1S8B69RMPxbDb6S","Turf, DLD","spotify:album:4832tSPhuJCtT46DCaGiGR","Lamento Boliviano","spotify:artist:0Zncosr79q01riJYbSBNA1, spotify:artist:7CwiLiC1S8B69RMPxbDb6S","Turf, DLD","2022-06-08","https://i.scdn.co/image/ab67616d0000b2733557d645f5931f2053d73a64","1","1","243338","https://p.scdn.co/mp3-preview/40901991e5343e8b29057d8f2174f4aec992796c?cid=9950ac751e34487dbbe027c4fd7f8e99","false","51","ARF472200110","spotify:user:11176142204","2023-03-19T13:48:14Z"
"spotify:track:0NELwHhQu4EVcmGmu8D7vV","Toco Y Me Voy","spotify:artist:6MxyNXnnmwQwdW2PD0gXYO","Bersuit Vergarabat","spotify:album:3e8flfLtloaUHUqv3PIR2o","Hijos Del Culo","spotify:artist:6MxyNXnnmwQwdW2PD0gXYO","Bersuit Vergarabat","2000-01-01","https://i.scdn.co/image/ab67616d0000b273062f7fb870c9412e7b7c7ccd","1","9","249933","https://p.scdn.co/mp3-preview/e3fce908b3d3a88cbd6496576d320439ffd4c627?cid=9950ac751e34487dbbe027c4fd7f8e99","false","66","ARF140000242","spotify:user:11176142204","2023-04-03T22:55:35Z"
"spotify:track:26PwuMotZqcczKLHi4Htz3","Redemption Song","spotify:artist:2QsynagSdAqZj3U9HgDzjD","Bob Marley & The Wailers","spotify:album:321q9p7PELvzcFAWxml7VX","Uprising","spotify:artist:2QsynagSdAqZj3U9HgDzjD","Bob Marley & The Wailers","1980","https://i.scdn.co/image/ab67616d0000b2731c40418d1c37d727e8e91b04","1","10","233560","https://p.scdn.co/mp3-preview/383a8548b1b2a72492fb6d4d7760ad2c7eaa45da?cid=9950ac751e34487dbbe027c4fd7f8e99","false","72","USIR28000018","spotify:user:11176142204","2023-04-07T17:32:16Z"
"spotify:track:3kpbeXoSd5M4wddrvhDUJM","Sweet Sun","spotify:artist:1hzfo8twXdOegF3xireCYs","Milky Chance","spotify:album:1iCwsK0jUzBPQx7XEpumbz","Sadnecessary","spotify:artist:1hzfo8twXdOegF3xireCYs","Milky Chance","2013-05-31","https://i.scdn.co/image/ab67616d0000b2732001bc1b4dd82d06631fcb9e","1","9","274000","https://p.scdn.co/mp3-preview/0963ef02c89dabf412f99471ea2529e29f07d6a2?cid=9950ac751e34487dbbe027c4fd7f8e99","false","54","DEL211300739","spotify:user:11176142204","2023-04-08T14:25:18Z"
"spotify:track:6aaPUBUFw9KEW1p1inVQv9","Depende","spotify:artist:5B6H1Dq77AV1LZWrbNsuH5","Jarabe De Palo","spotify:album:5aLIm5xrN5UxUZOXbjyrrx","Depende","spotify:artist:5B6H1Dq77AV1LZWrbNsuH5","Jarabe De Palo","1998","https://i.scdn.co/image/ab67616d0000b2732bcb49533efcb03d17fa846b","1","1","265160","https://p.scdn.co/mp3-preview/e0c3c9ed59079a97b9fabd94937b3f753de24795?cid=9950ac751e34487dbbe027c4fd7f8e99","false","65","ES5039800155","spotify:user:11176142204","2023-04-09T20:51:03Z"
"spotify:track:6b37xrsNCWYIUphFBazqD6","Me Gustas Tu","spotify:artist:6wH6iStAh4KIaWfuhf0NYM","Manu Chao","spotify:album:4t1LLdXiWTfoywqricztFo","Próxima Estación: Esperanza","spotify:artist:6wH6iStAh4KIaWfuhf0NYM","Manu Chao","2001-06-01","https://i.scdn.co/image/ab67616d0000b2731dcba4a728ca0b17cbd204a5","1","6","239986","https://p.scdn.co/mp3-preview/452081948f544e5d11bd27ba83b02c0b8e219917?cid=9950ac751e34487dbbe027c4fd7f8e99","false","84","FR84R0000004","spotify:user:11176142204","2023-04-09T20:51:47Z"
"spotify:track:5QpdTr2fHXLF0Oj8TcGHmV","El Farolito","spotify:artist:0SnyKkoyBaB2fG8IJH4xmU","Los Piojos","spotify:album:2tqxwMkehDRiz4gErUNZ0Q","3er Arco","spotify:artist:0SnyKkoyBaB2fG8IJH4xmU","Los Piojos","1996-01-01","https://i.scdn.co/image/ab67616d0000b2730f87d96e0fac678684d716b9","1","3","253933","https://p.scdn.co/mp3-preview/fdc87b2859256b423e0e48ee3ad493287fc97d5a?cid=9950ac751e34487dbbe027c4fd7f8e99","false","62","ARG601100116","spotify:user:11176142204","2023-04-09T21:12:57Z"
"spotify:track:1jlKdNbOA90rjnt88GJnwO","La Vuelta Al Mundo","spotify:artist:0yNSzH5nZmHzeE2xn6Xshb","Calle 13","spotify:album:3yqcj5G3zkeXuWIx6cjQgx","Entren Los Que Quieran","spotify:artist:0yNSzH5nZmHzeE2xn6Xshb","Calle 13","2010-11-19","https://i.scdn.co/image/ab67616d0000b27316c24c88236c87c148bb4329","1","4","234133","https://p.scdn.co/mp3-preview/bac7a7931f47e82f4287c97926392457fe938ebb?cid=9950ac751e34487dbbe027c4fd7f8e99","false","73","USSD11000420","spotify:user:11176142204","2023-04-09T21:30:38Z"
"spotify:track:53rN8CcgrWP6DZcuQ4Q4og","Needles and Pins - 2018 Remaster","spotify:artist:1co4F2pPNH8JjTutZkmgSm","Ramones","spotify:album:43zbrwwFHh5e7cmDQomx8Z","Road to Ruin (40th Anniversary Deluxe Edition)","spotify:artist:1co4F2pPNH8JjTutZkmgSm","Ramones","1978","https://i.scdn.co/image/ab67616d0000b273072ee11a51e23f861c54cef9","1","5","141653","https://p.scdn.co/mp3-preview/63d0ad664b1daca26feb0bb26e9d393377a7cd73?cid=9950ac751e34487dbbe027c4fd7f8e99","false","55","USRH11802017","spotify:user:11176142204","2023-04-09T22:14:38Z"
"spotify:track:7sapKrjDij2fpDVj0GxP66","She Will Be Loved","spotify:artist:04gDigrS5kc9YWfZHwBETP","Maroon 5","spotify:album:1Rv9WRKyYhFaGbuYDaQunN","Songs About Jane","spotify:artist:04gDigrS5kc9YWfZHwBETP","Maroon 5","2002-06-25","https://i.scdn.co/image/ab67616d0000b27317b3850d758fff5a2301e537","1","4","257133","https://p.scdn.co/mp3-preview/db301bae9e626df6981440c614916e02f042cdae?cid=9950ac751e34487dbbe027c4fd7f8e99","false","74","USJAY0300082","spotify:user:11176142204","2023-04-18T09:35:31Z"
"spotify:track:5qaEfEh1AtSdrdrByCP7qR","Demons","spotify:artist:53XhwfbYqKCa1cC15pYq2q","Imagine Dragons","spotify:album:6nxDQi0FeEwccEPJeNySoS","Night Visions","spotify:artist:53XhwfbYqKCa1cC15pYq2q","Imagine Dragons","2012-09-04","https://i.scdn.co/image/ab67616d0000b273407bd04707c463bbb3410737","1","4","177506","https://p.scdn.co/mp3-preview/dffa47dbbfe06cff32e8b676e66e7d50ad358ca7?cid=9950ac751e34487dbbe027c4fd7f8e99","false","87","USUM71201071","spotify:user:11176142204","2023-04-18T15:22:47Z"
"spotify:track:5Ohxk2dO5COHF1krpoPigN","Sign of the Times","spotify:artist:6KImCVD70vtIoJWnq6nGn3","Harry Styles","spotify:album:1FZKIm3JVDCxTchXDo5jOV","Harry Styles","spotify:artist:6KImCVD70vtIoJWnq6nGn3","Harry Styles","2017-05-12","https://i.scdn.co/image/ab67616d0000b2736c619c39c853f8b1d67b7859","1","2","340706","https://p.scdn.co/mp3-preview/3f885fdef493aadb403fc2657a605d2f5623b111?cid=9950ac751e34487dbbe027c4fd7f8e99","false","85","USSM11703595","spotify:user:11176142204","2023-04-18T15:29:24Z"
"spotify:track:5GXAXm5YOmYT0kL5jHvYBt","I Feel It Coming","spotify:artist:1Xyo4u8uXC1ZmMpatF05PJ, spotify:artist:4tZwfgrHOc3mvqYlEYSvVi","The Weeknd, Daft Punk","spotify:album:4AdZV63ycxFLF6Hcol0QnB","Starboy","spotify:artist:1Xyo4u8uXC1ZmMpatF05PJ","The Weeknd","2016-11-24","https://i.scdn.co/image/ab67616d0000b273a048415db06a5b6fa7ec4e1a","1","18","269186","https://p.scdn.co/mp3-preview/e6e4b349ff5605d875fb7aad3846f5fdfe6aa19c?cid=9950ac751e34487dbbe027c4fd7f8e99","false","78","USUG11600996","spotify:user:11176142204","2023-04-21T00:17:17Z"
"spotify:track:6UelLqGlWMcVH1E5c4H7lY","Watermelon Sugar","spotify:artist:6KImCVD70vtIoJWnq6nGn3","Harry Styles","spotify:album:7xV2TzoaVc0ycW7fwBwAml","Fine Line","spotify:artist:6KImCVD70vtIoJWnq6nGn3","Harry Styles","2019-12-13","https://i.scdn.co/image/ab67616d0000b27377fdcfda6535601aff081b6a","1","2","174000","https://p.scdn.co/mp3-preview/824cd58da2e9a15eeaaa6746becc09093547a09b?cid=9950ac751e34487dbbe027c4fd7f8e99","false","89","USSM11912587","spotify:user:11176142204","2023-04-21T00:17:28Z"
"spotify:track:1LSwssG5oIAMXYcvpOoPLC","Too Much To Ask","spotify:artist:7Ln80lUS6He07XvHI8qqHH","Arctic Monkeys","spotify:album:5SkPWtT5QFPsV2ix1J5Lnm","Fluorescent Adolescent","spotify:artist:7Ln80lUS6He07XvHI8qqHH","Arctic Monkeys","2007-07-08","https://i.scdn.co/image/ab67616d0000b273efc855fc2b898212fdd7ef11","1","4","183253","https://p.scdn.co/mp3-preview/2de7e8304d4ae00c8b45bdc9d4ccbfc0d929bb97?cid=9950ac751e34487dbbe027c4fd7f8e99","false","63","GBCEL0700381","spotify:user:11176142204","2023-04-23T17:31:25Z"
"spotify:track:6dGqGkYDoRrKh5UiIcTT22","Understand","spotify:artist:1Cd373x8qzC7SNUg5IToqp","BoyWithUke","spotify:album:1I79ZTFJ5FVLwMYRWvhk73","Serotonin Dreams","spotify:artist:1Cd373x8qzC7SNUg5IToqp","BoyWithUke","2022-05-06","https://i.scdn.co/image/ab67616d0000b273ee07023115f822012390d2a0","1","9","171946","https://p.scdn.co/mp3-preview/9bea498803da6278a1395bbdba450ad8be8eb6da?cid=9950ac751e34487dbbe027c4fd7f8e99","true","74","USUG12201585","spotify:user:11176142204","2023-04-25T01:51:22Z"
"spotify:track:1PQzZbitOJ6XPFg7FFzsKQ","El amor después del amor","spotify:artist:1bZNv4q3OxYq7mmnLha7Tu","Fito Paez","spotify:album:1nDTw13U4zW8YuelhilKW5","El Amor Después del Amor","spotify:artist:1bZNv4q3OxYq7mmnLha7Tu","Fito Paez","1992-02-01","https://i.scdn.co/image/ab67616d0000b273b80f37385bd537d17f9be93a","1","1","311893","https://p.scdn.co/mp3-preview/0ad2e10037922eff8f35de959b561d74930df81e?cid=9950ac751e34487dbbe027c4fd7f8e99","false","70","ARF119400081","spotify:user:11176142204","2023-05-08T08:57:04Z"
"spotify:track:3IlJZZqD36GitbnN6Uy8mR","Shape Of My Heart","spotify:artist:0Ty63ceoRnnJKVEYP0VQpk, spotify:artist:32AFNkich94JXfGvIFqpkL, spotify:artist:2fJCHSiF0CwzZ2vuYWtt2p, spotify:artist:4NrTubOlSIB4K14Rkww83h","Sting, Dominic Miller, Nick Ingman, Budapest Film Orchestra","spotify:album:59Mi8LUBJnlkdlMk5k0lAW","Shapes","spotify:artist:32AFNkich94JXfGvIFqpkL","Dominic Miller","2004-01-01","https://i.scdn.co/image/ab67616d0000b27346d70c803f31af23b13001ec","1","3","266760","https://p.scdn.co/mp3-preview/f63a703b59e3a9c1c8ddf16e0261f7a337e97623?cid=9950ac751e34487dbbe027c4fd7f8e99","false","42","GBCAD0302013","spotify:user:11176142204","2023-05-13T12:36:04Z"
"spotify:track:61hJK3EfAd1LDk7x5OrCTc","Tu Recuerdo (feat. La Mari De Chambao & Tommy Torres) - MTV Unplugged Version","spotify:artist:7slfeZO9LsJbWgpkIoXBUJ, spotify:artist:1Rv4Ogfu7pg6QMo09XWtWK, spotify:artist:264nbMzGPSkDZqTY8nXwCG","Ricky Martin, Lamari, Tommy Torres","spotify:album:7qhZvYXFgsaSzuukZw9WCM","Ricky Martin MTV Unplugged","spotify:artist:7slfeZO9LsJbWgpkIoXBUJ","Ricky Martin","2006-11-01","https://i.scdn.co/image/ab67616d0000b27382d42ff02e7006a5a59dc632","1","4","247866","https://p.scdn.co/mp3-preview/e211deb3b42ef59fa52eccc7ae6bd80d93634d66?cid=9950ac751e34487dbbe027c4fd7f8e99","false","70","NLB630600015","spotify:user:11176142204","2023-05-13T22:38:07Z"
"spotify:track:0oPGGzsXUmZswgsxUhLn45","Quién Pudiera?","spotify:artist:7HFja6X48hWE58m3pQnGV0, spotify:artist:3KaNWDYObY73SDpcZBRzuw, spotify:artist:5Ayb9yqemFxECJB8LEG8ln, spotify:artist:5KhJh3jJOH5EkZiplQLw5h, spotify:artist:6ybUCb9uQ4fd6gtIptuaYO","Cardellino, Irepelusa, Çantamarta, Veztalone, Comida Para Llevar","spotify:album:2MYyRpVLzYJuTwO70iLQph","Quién Pudiera?","spotify:artist:7HFja6X48hWE58m3pQnGV0, spotify:artist:3KaNWDYObY73SDpcZBRzuw, spotify:artist:5Ayb9yqemFxECJB8LEG8ln","Cardellino, Irepelusa, Çantamarta","2023-05-24","https://i.scdn.co/image/ab67616d0000b2732201db2c12e8cd92bd9a6168","1","1","213861","https://p.scdn.co/mp3-preview/6f957dccf71b195a69127ec49ff0e44bd6c061c8?cid=9950ac751e34487dbbe027c4fd7f8e99","false","54","QZNJV2327267","spotify:user:11176142204","2023-05-27T17:27:20Z"
"spotify:track:6vu5xJWIvukCK8cwBXOOj0","Living In A Haze","spotify:artist:1hzfo8twXdOegF3xireCYs","Milky Chance","spotify:album:0i97wLIXfWMDi3vyRDZBCn","Living In A Haze","spotify:artist:1hzfo8twXdOegF3xireCYs","Milky Chance","2023-06-09","https://i.scdn.co/image/ab67616d0000b27384e9e803499a83ff405f8034","1","1","173369","https://p.scdn.co/mp3-preview/061703eb7db6b44823312ab83926fe7e17116fbe?cid=9950ac751e34487dbbe027c4fd7f8e99","false","67","DEVP22300001","spotify:user:11176142204","2023-06-09T20:38:28Z"
"spotify:track:1u8c2t2Cy7UBoG4ArRcF5g","Blank Space","spotify:artist:06HL4z0CvFAxyc27GXpf02","Taylor Swift","spotify:album:1yGbNOtRIgdIiGHOEBaZWf","1989 (Deluxe)","spotify:artist:06HL4z0CvFAxyc27GXpf02","Taylor Swift","2014-01-01","https://i.scdn.co/image/ab67616d0000b27352b2a3824413eefe9e33817a","1","2","231826","https://p.scdn.co/mp3-preview/a4930adb3f973bf4b162940844b8ccc46277dc16?cid=9950ac751e34487dbbe027c4fd7f8e99","false","91","USCJY1431309","spotify:user:11176142204","2023-06-12T09:43:22Z"
"spotify:track:6eRFAudgoYynYCvN3Wy6xD","I'm Losing You","spotify:artist:1QOmebWGB6FdFtW7Bo3F0W, spotify:artist:2EYn9YjA2TnToDRDqM9E36","Gustavo Cerati, Los Durabeat","spotify:album:4izvYhpQqhM861UuxyZcqu","Homenaje a los Beatles","spotify:artist:2EYn9YjA2TnToDRDqM9E36","Los Durabeat","2005","https://i.scdn.co/image/ab67616d0000b2735cf81196959982165fb80321","1","2","207052","https://p.scdn.co/mp3-preview/2159124556296ed8903f597c37381c149b1ac6a4?cid=9950ac751e34487dbbe027c4fd7f8e99","false","29","ARF470500401","spotify:user:11176142204","2023-06-17T15:55:58Z"
"spotify:track:5omgFpiMt1CGHjQGfkwzvz","Agua","spotify:artist:5B6H1Dq77AV1LZWrbNsuH5","Jarabe De Palo","spotify:album:5aLIm5xrN5UxUZOXbjyrrx","Depende","spotify:artist:5B6H1Dq77AV1LZWrbNsuH5","Jarabe De Palo","1998","https://i.scdn.co/image/ab67616d0000b2732bcb49533efcb03d17fa846b","1","6","254266","https://p.scdn.co/mp3-preview/f08b52b8e88a074f8b025edaf22bc2af039554be?cid=9950ac751e34487dbbe027c4fd7f8e99","false","70","ES5039800160","spotify:user:11176142204","2023-06-17T21:41:30Z"
"spotify:track:3VSYkAf6f46i5ZkXOHORq1","Sweet","spotify:artist:1QAJqy2dA3ihHBFIHRphZj","Cigarettes After Sex","spotify:album:5bP82ZIls6rzhpf5Qu6AzC","Cigarettes After Sex","spotify:artist:1QAJqy2dA3ihHBFIHRphZj","Cigarettes After Sex","2017-06-09","https://i.scdn.co/image/ab67616d0000b2736b701428ed4c6e053902174a","1","6","291640","","false","59","USBQU1700036","spotify:user:11176142204","2023-06-20T17:15:31Z"
"spotify:track:7upAH0ezzsThyvr33YKn4u","Pasos Al Costado","spotify:artist:0Zncosr79q01riJYbSBNA1","Turf","spotify:album:6gbK6L3qcmnGfhEEUj1VVu","Para Mi para Vos","spotify:artist:0Zncosr79q01riJYbSBNA1","Turf","2004-01-01","https://i.scdn.co/image/ab67616d0000b2739789a70a91e887a2057b5f70","1","3","256555","https://p.scdn.co/mp3-preview/230e38204ea06b8f3586253530fd9875c99bf076?cid=9950ac751e34487dbbe027c4fd7f8e99","false","69","USA560696210","spotify:user:11176142204","2023-06-27T04:21:08Z"
"spotify:track:7mygV3PlsvQYM1fFPxyWSR","Saltando","spotify:artist:1Qv4E1VgZOGnOYd99Kp5Bs","Las Pelotas","spotify:album:27b6tVckH1GRyL4m4CFNMz","Para Qué?","spotify:artist:1Qv4E1VgZOGnOYd99Kp5Bs","Las Pelotas","1998-08-01","https://i.scdn.co/image/ab67616d0000b273e1d3d761b3536ab0356fdfd2","1","7","234040","https://p.scdn.co/mp3-preview/fbc0768d7d36c3ff0f33ee7e0bc3ca1757a3324f?cid=9950ac751e34487dbbe027c4fd7f8e99","false","37","ARA141400057","spotify:user:11176142204","2023-06-27T04:26:43Z"
"spotify:track:1SCSslsXirfziX85hbhOyL","Veneno de Muerte Lenta","spotify:artist:2mQ5jjUn59OYaTqcnf15g4","113 Vicios","spotify:album:3vrvShIv1vvcCPSML30xOB","Disco Negro","spotify:artist:2mQ5jjUn59OYaTqcnf15g4","113 Vicios","1998-11-13","https://i.scdn.co/image/ab67616d0000b27317e060077230ed7bb944a8e9","1","13","175281","https://p.scdn.co/mp3-preview/0e52c557647a148c7f18c43be7031ab6b6566b1a?cid=9950ac751e34487dbbe027c4fd7f8e99","false","19","usl4r2166689","spotify:user:11176142204","2023-06-27T04:27:10Z"
"spotify:track:3YfS47QufnLDFA71FUsgCM","The Sound of Silence","spotify:artist:70cRZdQywnSFp9pnc2WTCE","Simon & Garfunkel","spotify:album:0D1OzpaQEeiIMCAm3DUwKa","The Singer","spotify:artist:6kEsKkXuE4olX7m3mNLZkS","Art Garfunkel","2012-08-28","https://i.scdn.co/image/ab67616d0000b273dd9e17a2000252d6b79cf904","2","4","184786","https://p.scdn.co/mp3-preview/ea8acffe4466728559cfb5a444177a565384d624?cid=9950ac751e34487dbbe027c4fd7f8e99","false","65","USSM16401137","spotify:user:11176142204","2023-07-01T18:01:05Z"
"spotify:track:3Msp0yez7bCuJxSvwejOgq","Salando las Heridas","spotify:artist:6byQKddO1b34lXC2ZEjehQ","Patricio Rey y sus Redonditos de Ricota","spotify:album:0IcpyzTrT0Gp8PVMC9l0NS","La Mosca y la Sopa","spotify:artist:6byQKddO1b34lXC2ZEjehQ","Patricio Rey y sus Redonditos de Ricota","1991-09-27","https://i.scdn.co/image/ab67616d0000b2736b26c788ddc971ca6176a650","1","9","302200","https://p.scdn.co/mp3-preview/0b81dbdf1a6c88c7354777f8455d03106db70e24?cid=9950ac751e34487dbbe027c4fd7f8e99","false","57","AR5CC9100009","spotify:user:11176142204","2023-07-11T03:49:12Z"
"spotify:track:7xB3hSztVbX6xFvQqEGKud","Lo malo de ser bueno","spotify:artist:13JJKrUewC1CJYmIDXQNoH","El Cuarteto De Nos","spotify:album:4X6PQwYWxtGGtKjAfX6wa6","Porfiado","spotify:artist:13JJKrUewC1CJYmIDXQNoH","El Cuarteto De Nos","2012-04-27","https://i.scdn.co/image/ab67616d0000b273e32b600cf149063d811341e3","1","6","242120","https://p.scdn.co/mp3-preview/9a9fd553a27195ef903093413e7c0f99230408af?cid=9950ac751e34487dbbe027c4fd7f8e99","false","71","ARF111200008","spotify:user:11176142204","2023-07-11T03:52:00Z"
"spotify:track:2v7rhTFwDVQSdRiheHpYWS","Gris","spotify:artist:0SnyKkoyBaB2fG8IJH4xmU","Los Piojos","spotify:album:2tqxwMkehDRiz4gErUNZ0Q","3er Arco","spotify:artist:0SnyKkoyBaB2fG8IJH4xmU","Los Piojos","1996-01-01","https://i.scdn.co/image/ab67616d0000b2730f87d96e0fac678684d716b9","1","11","309680","https://p.scdn.co/mp3-preview/54c0637d14342584b79247ea1614e7a8c8b86066?cid=9950ac751e34487dbbe027c4fd7f8e99","false","36","ARG601100124","spotify:user:11176142204","2023-07-11T03:55:10Z"
"spotify:track:5O4erNlJ74PIF6kGol1ZrC","Could You Be Loved","spotify:artist:2QsynagSdAqZj3U9HgDzjD","Bob Marley & The Wailers","spotify:album:321q9p7PELvzcFAWxml7VX","Uprising","spotify:artist:2QsynagSdAqZj3U9HgDzjD","Bob Marley & The Wailers","1980","https://i.scdn.co/image/ab67616d0000b2731c40418d1c37d727e8e91b04","1","8","237000","https://p.scdn.co/mp3-preview/d2253556f10fdcba3c7237e582f300cea2116972?cid=9950ac751e34487dbbe027c4fd7f8e99","false","82","USIR28000016","spotify:user:11176142204","2023-07-15T20:33:31Z"
"spotify:track:2PNX8ZnMBSP0j87jx4PiAC","Camisetas Limpias","spotify:artist:5GDuUaYx3PW3Wa64KxAAAO, spotify:artist:3tAICgiSR5PfYY4B8qsoAU","Lao Ra, Andrés Calamaro","spotify:album:76QiFr50tV0fD91L0hfaEu","Camisetas Limpias","spotify:artist:5GDuUaYx3PW3Wa64KxAAAO, spotify:artist:3tAICgiSR5PfYY4B8qsoAU","Lao Ra, Andrés Calamaro","2023-07-21","https://i.scdn.co/image/ab67616d0000b273a1ebe9539a67c955452b8718","1","1","216342","https://p.scdn.co/mp3-preview/bff7ccb9cae42618349f0dafc926bf125ab885da?cid=9950ac751e34487dbbe027c4fd7f8e99","false","33","ESA092318875","spotify:user:11176142204","2023-07-23T16:12:47Z"
"spotify:track:11LmqTE2naFULdEP94AUBa","Heart-Shaped Box","spotify:artist:6olE6TJLqED3rqDCT0FyPh","Nirvana","spotify:album:6ohX7moZZnF1FwYrli1OJ6","In Utero (Deluxe Edition)","spotify:artist:6olE6TJLqED3rqDCT0FyPh","Nirvana","1993-09-21","https://i.scdn.co/image/ab67616d0000b273aca059cebc1841277db22d1c","1","3","281160","https://p.scdn.co/mp3-preview/71c2606b4c7b16f217c033319f155f265c0666ac?cid=9950ac751e34487dbbe027c4fd7f8e99","false","81","USGF19960703","spotify:user:11176142204","2023-07-24T00:41:00Z"
"spotify:track:5l7pAOISfdWH8m9ZztTCe0","Cuando Pase el huracan","spotify:artist:4WEyRDFePTrRVfpV0Vdjs3","Los Perez García","spotify:album:1I0ZrmnG7sGOAhmyHsvqur","Después de la Tormenta","spotify:artist:4WEyRDFePTrRVfpV0Vdjs3","Los Perez García","2022-05-12","https://i.scdn.co/image/ab67616d0000b273465cce15428bf00a8ad4d7b9","1","3","215945","https://p.scdn.co/mp3-preview/9615266025a9a9bb6c0c6f565b331d9a67003808?cid=9950ac751e34487dbbe027c4fd7f8e99","false","37","ARA492200087","spotify:user:11176142204","2023-08-07T00:07:01Z"
"spotify:track:7jFRaaxunWW0nFabUC5Omt","Volver a Casa","spotify:artist:1wKDGglKV4FsFS85r2Dmpr, spotify:artist:4TK1gDgb7QKoPFlzRrBRgR","Airbag, Los Enanitos Verdes","spotify:album:25wv6eU2tDQDPLAYTyuj2Q","Al Parecer Todo Ha Sido una Trampa","spotify:artist:1wKDGglKV4FsFS85r2Dmpr","Airbag","2021-10-15","https://i.scdn.co/image/ab67616d0000b273536521e97eaf8309fe37ed34","1","12","183882","https://p.scdn.co/mp3-preview/a8f2cb5fc1741ddb12d90a6d8644e2d8d3d341db?cid=9950ac751e34487dbbe027c4fd7f8e99","false","58","ARF472100145","spotify:user:11176142204","2023-08-07T00:10:22Z"
"spotify:track:5Er3RCyian9JDJoRuE06jI","El Arbol De La Plaza","spotify:artist:25THA9HUHoxpCT4LBp7UsZ","Vicentico","spotify:album:2LUn5fbxzwXDHLnNbKa7jr","Hits 2002 - 2008","spotify:artist:25THA9HUHoxpCT4LBp7UsZ","Vicentico","2008-05-13","https://i.scdn.co/image/ab67616d0000b273c8ec72088372712c4913c9f1","1","9","263373","https://p.scdn.co/mp3-preview/8175431c6b6ded689b3e34a3a96f1cd6e8f0265d?cid=9950ac751e34487dbbe027c4fd7f8e99","false","40","ARFSB0600409","spotify:user:11176142204","2023-08-07T00:19:02Z"
"spotify:track:4TQeNHx85xcP9YRkvJC6K1","Walkin' On The Sun","spotify:artist:2iEvnFsWxR0Syqu2JNopAd","Smash Mouth","spotify:album:1CsztoJYGwGURMCppulrOt","Fush Yu Mang (20th Anniversary Edition)","spotify:artist:2iEvnFsWxR0Syqu2JNopAd","Smash Mouth","1997-07-08","https://i.scdn.co/image/ab67616d0000b27366ec7d795b727cd90bd09690","1","3","207786","https://p.scdn.co/mp3-preview/7075addc90650bcecb7a3aff90e11b9ee35997c7?cid=9950ac751e34487dbbe027c4fd7f8e99","false","71","USIR19701434","spotify:user:11176142204","2023-08-21T23:40:25Z"
"spotify:track:6VoIBz0VhCyz7OdEoRYDiA","Say It Ain't So","spotify:artist:3jOstUTkEu2JkjvRdBA5Gu","Weezer","spotify:album:1xpGyKyV26uPstk1Elgp9Q","Weezer","spotify:artist:3jOstUTkEu2JkjvRdBA5Gu","Weezer","1994-05-10","https://i.scdn.co/image/ab67616d0000b273345536847e60f622ee0eae96","1","7","258826","https://p.scdn.co/mp3-preview/17adc497b3bfb73e83cf713f1dd6b9a711abb59b?cid=9950ac751e34487dbbe027c4fd7f8e99","false","78","USGF19962907","spotify:user:11176142204","2023-08-21T23:40:32Z"
"spotify:track:1xsYj84j7hUDDnTTerGWlH","Dream On","spotify:artist:7Ey4PD4MYsKc5I2dolUwbH","Aerosmith","spotify:album:1RDVdxPUaqC4o7Rkm8LoOE","Aerosmith","spotify:artist:7Ey4PD4MYsKc5I2dolUwbH","Aerosmith","1973-01-05","https://i.scdn.co/image/ab67616d0000b273bbf0146981704a073405b6c2","1","3","267596","https://p.scdn.co/mp3-preview/b56a69c9cddc7358e940daa656a8dd5874e5f58f?cid=9950ac751e34487dbbe027c4fd7f8e99","false","85","USSM10011897","spotify:user:11176142204","2023-08-21T23:43:29Z"
"spotify:track:1Dr1fXbc2IxaK1Mu8P8Khz","When I Come Around","spotify:artist:7oPftvlwr6VrsViSDV7fJY","Green Day","spotify:album:4uG8q3GPuWHQlRbswMIRS6","Dookie","spotify:artist:7oPftvlwr6VrsViSDV7fJY","Green Day","1994-02-01","https://i.scdn.co/image/ab67616d0000b273db89b08034de626ebee6823d","1","10","178000","https://p.scdn.co/mp3-preview/ce95ec4b7666e7efe290782e449bd96ba8f7a4e5?cid=9950ac751e34487dbbe027c4fd7f8e99","false","81","USRE19900154","spotify:user:11176142204","2023-08-21T23:46:38Z"
"spotify:track:5NTZM8YYeKM2YsGSffVIge","Loser","spotify:artist:3vbKDsSS70ZX9D2OcvbZmS","Beck","spotify:album:1M1dhwZE65bqGfbUdMzvlj","Mellow Gold","spotify:artist:3vbKDsSS70ZX9D2OcvbZmS","Beck","1994-03-01","https://i.scdn.co/image/ab67616d0000b27354196f32f292346d0ad9b528","1","1","235000","https://p.scdn.co/mp3-preview/dc29ef7cc8714290138456fc1f7106a188d7b45a?cid=9950ac751e34487dbbe027c4fd7f8e99","false","70","USGF19463401","spotify:user:11176142204","2023-08-21T23:47:11Z"
"spotify:track:5a4MgIUSf9K8wXLSm6xPEx","High Hopes","spotify:artist:0k17h0D3J5VfsdmQ1iZtE9","Pink Floyd","spotify:album:5F0IQXuHfTV7SBvZVnXERl","The Division Bell","spotify:artist:0k17h0D3J5VfsdmQ1iZtE9","Pink Floyd","1994","https://i.scdn.co/image/ab67616d0000b2738431fb4cb38f8ee96d3434c0","1","11","510964","https://p.scdn.co/mp3-preview/4c171f256a981cf5c48b84dc9df205f36e8ed752?cid=9950ac751e34487dbbe027c4fd7f8e99","false","59","GBN9X1100022","spotify:user:11176142204","2023-08-21T23:48:33Z"
"spotify:track:5y9ivD2g37FSCEJpfhG7d5","Selling The Drama","spotify:artist:6eoJpTIlcuxJNjV5fDzDJH","Live","spotify:album:4ZsG3ifn9sIcrFT1ecw0gF","Throwing Copper","spotify:artist:6eoJpTIlcuxJNjV5fDzDJH","Live","1994-01-01","https://i.scdn.co/image/ab67616d0000b27323d8d82a798baa960fdb5070","1","2","205693","https://p.scdn.co/mp3-preview/2d3ffed5ba4bd94f11d673bf0f1e7170393cdb63?cid=9950ac751e34487dbbe027c4fd7f8e99","false","59","USRR29342150","spotify:user:11176142204","2023-08-21T23:48:46Z"
"spotify:track:4qThA1qs9GhIEVf23OxGH4","Fulanos de Nadie (En Vivo Provincia Emergente)","spotify:artist:6Iv9dXeKX45ff7qe0LDuFW","Los Caballeros De La Quema","spotify:album:2VPSdVQuuSNyYPIgzxruqi","Provincia Emergente Estadio Unico de La Plata (En Vivo)","spotify:artist:6Iv9dXeKX45ff7qe0LDuFW","Los Caballeros De La Quema","2017-11-10","https://i.scdn.co/image/ab67616d0000b27366b03c872545af4a62454668","1","16","295978","https://p.scdn.co/mp3-preview/06faa7044f59536880b1fb3e6a9c481158d199de?cid=9950ac751e34487dbbe027c4fd7f8e99","false","32","ARF101700404","spotify:user:11176142204","2023-08-25T01:27:47Z"
"spotify:track:3UL7KKa7HVOU8blvaVklXK","Lo Artesanal","spotify:artist:7wTu5u7W3kc9Id5JAvSAFV","Viejas Locas","spotify:album:2aDSy4QxNA0fjFLYP7HpOg","Viejas Locas","spotify:artist:7wTu5u7W3kc9Id5JAvSAFV","Viejas Locas","2004-01-01","https://i.scdn.co/image/ab67616d0000b2731238d3577651992e399cbb22","1","3","337720","https://p.scdn.co/mp3-preview/de6d493231fba4a2abbc49a7f27d234d46c9c81b?cid=9950ac751e34487dbbe027c4fd7f8e99","false","54","ARF099500170","spotify:user:11176142204","2023-09-03T15:17:37Z"
"spotify:track:0daHbdrLvUmkh81rnolMcG","Angry","spotify:artist:22bE4uQ6baNwSHPVcDxLCe","The Rolling Stones","spotify:album:6rEzHeH14PJSv8anXA6tyE","Angry","spotify:artist:22bE4uQ6baNwSHPVcDxLCe","The Rolling Stones","2023-09-06","https://i.scdn.co/image/ab67616d0000b27300379b8904a73a542198c068","1","1","226735","https://p.scdn.co/mp3-preview/c088ac218275b5325d004432390e8f05111fb9be?cid=9950ac751e34487dbbe027c4fd7f8e99","false","73","GBUM72302314","spotify:user:11176142204","2023-09-07T01:15:33Z"
"spotify:track:1G0q6mPYI7P5dT2KUG5D4E","Strawberry Fields Forever - Remasterizado 2008","spotify:artist:2FS22haX3FYbyOsUAkuYqZ","Los Fabulosos Cadillacs","spotify:album:5PeJ5yyyJWcC0wkuMHGSqc","Rey Azúcar","spotify:artist:2FS22haX3FYbyOsUAkuYqZ","Los Fabulosos Cadillacs","1995-06-18","https://i.scdn.co/image/ab67616d0000b273ab163d5e61e4fb216aebcf34","1","2","257000","https://p.scdn.co/mp3-preview/c887f4041c622292fec9469a7a97f873b5a8bb33?cid=9950ac751e34487dbbe027c4fd7f8e99","false","49","ARFSB0800353","spotify:user:11176142204","2023-09-28T02:48:55Z"
"spotify:track:6HCUMOcGa4LyjcBXjl7z0Y","Sweet Sounds Of Heaven (feat. Lady Gaga & Stevie Wonder) - Edit","spotify:artist:22bE4uQ6baNwSHPVcDxLCe, spotify:artist:1HY2Jd0NmPuamShAr6KMms","The Rolling Stones, Lady Gaga","spotify:album:6E4RZkGvHiOp41XvdpiWaK","Sweet Sounds Of Heaven","spotify:artist:22bE4uQ6baNwSHPVcDxLCe, spotify:artist:1HY2Jd0NmPuamShAr6KMms","The Rolling Stones, Lady Gaga","2023-09-28","https://i.scdn.co/image/ab67616d0000b273bd2490e628f8e2fe6b8626f6","1","1","306423","https://p.scdn.co/mp3-preview/af50a0df843e7cd8675728977d2857c99101b174?cid=9950ac751e34487dbbe027c4fd7f8e99","false","66","GBUM72308860","spotify:user:11176142204","2023-09-28T19:22:55Z"
"spotify:track:1zMSZbxk4dDAHxBS5V07KT","Mundo Agradable","spotify:artist:6CrQKZeuSKNYgrE7PeYqJ1","Serú Girán","spotify:album:2RpzZJ2bn9gEtHzLsTejT4","Seru Giran 92","spotify:artist:6CrQKZeuSKNYgrE7PeYqJ1","Serú Girán","1992-12-01","https://i.scdn.co/image/ab67616d0000b273ac84ce59dc5d49c81dc9d8fb","1","2","251026","https://p.scdn.co/mp3-preview/0d13a1ec3530abd55accbf4200851baabbf70dea?cid=9950ac751e34487dbbe027c4fd7f8e99","false","47","ARFSB0800435","spotify:user:11176142204","2023-10-06T21:11:17Z"
"spotify:track:0BxE4FqsDD1Ot4YuBXwAPp","505","spotify:artist:7Ln80lUS6He07XvHI8qqHH","Arctic Monkeys","spotify:album:1XkGORuUX2QGOEIL4EbJKm","Favourite Worst Nightmare","spotify:artist:7Ln80lUS6He07XvHI8qqHH","Arctic Monkeys","2007-04-22","https://i.scdn.co/image/ab67616d0000b273b1f8da74f225fa1225cdface","1","12","253586","https://p.scdn.co/mp3-preview/24ad19af2d5feeeb0048bff59b4096960b415848?cid=9950ac751e34487dbbe027c4fd7f8e99","false","88","GBCEL0700074","spotify:user:11176142204","2023-10-08T00:09:21Z"
"spotify:track:6HSXNV0b4M4cLJ7ljgVVeh","Knockin' On Heaven's Door","spotify:artist:74ASZWbe4lXaubB36ztrGX","Bob Dylan","spotify:album:2Pj2kZM5XpyIeyFBTAVulL","Pat Garrett & Billy The Kid (Soundtrack From The Motion Picture)","spotify:artist:74ASZWbe4lXaubB36ztrGX","Bob Dylan","1973-07-13","https://i.scdn.co/image/ab67616d0000b2736c86683d20c72e3874c11c6d","1","7","149880","https://p.scdn.co/mp3-preview/b1fb2e0d90764724242501e5a0c3c2393698d499?cid=9950ac751e34487dbbe027c4fd7f8e99","false","77","USSM11304547","spotify:user:11176142204","2023-10-09T04:06:50Z"
"spotify:track:6oYrfvVswaLWsuOpxNOSi7","Ahora - Studio Session","spotify:artist:7HFja6X48hWE58m3pQnGV0","Cardellino","spotify:album:6ytOigdsKGW6FonKk2zDGr","Studio Session","spotify:artist:7HFja6X48hWE58m3pQnGV0","Cardellino","2023-10-13","https://i.scdn.co/image/ab67616d0000b27359595006f60bfed23aafa927","1","1","170554","https://p.scdn.co/mp3-preview/dbe1a15d5266e1458a292c4857dda8781d8375d7?cid=9950ac751e34487dbbe027c4fd7f8e99","false","42","QMFME2367784","spotify:user:11176142204","2023-10-16T11:22:17Z"
"spotify:track:0epOggkgfncS4mzJnj7mNC","Esperándome","spotify:artist:4PJtMqmJX54aKaztYQfFYb","Piti Fernández","spotify:album:4V6XdhquPRHvQjzstcXZKd","Conmigo Mismo","spotify:artist:4PJtMqmJX54aKaztYQfFYb","Piti Fernández","2017-07-14","https://i.scdn.co/image/ab67616d0000b2736c63a3c4b64530e2887ff77b","1","7","217205","https://p.scdn.co/mp3-preview/f1b353c83914e6bb30d5239901c82e89ef8f138b?cid=9950ac751e34487dbbe027c4fd7f8e99","false","55","AR3691700021","spotify:user:11176142204","2023-10-19T00:15:41Z"
"spotify:track:1Fl4vSE3PegDGtkNL7JXNl","Wrecking Ball","spotify:artist:32vWCbZh0xZ4o9gkz4PsEU, spotify:artist:5YGY8feqx7naU7z4HrwZM6","Dolly Parton, Miley Cyrus","spotify:album:6ckYZ5KfxoZisFywOMThYd","Wrecking Ball","spotify:artist:32vWCbZh0xZ4o9gkz4PsEU, spotify:artist:5YGY8feqx7naU7z4HrwZM6","Dolly Parton, Miley Cyrus","2023-10-20","https://i.scdn.co/image/ab67616d0000b2731aea57a56b7eb1cfb139a268","1","1","235053","https://p.scdn.co/mp3-preview/d94c723b70ffab1bb7b3c9d32de1269cc41de9ec?cid=9950ac751e34487dbbe027c4fd7f8e99","false","71","QZRD92303081","spotify:user:11176142204","2023-10-21T21:51:25Z"
"spotify:track:6Pa10qJeYr5qu777xSieyM","Cuando sea grande","spotify:artist:13JJKrUewC1CJYmIDXQNoH","El Cuarteto De Nos","spotify:album:4X6PQwYWxtGGtKjAfX6wa6","Porfiado","spotify:artist:13JJKrUewC1CJYmIDXQNoH","El Cuarteto De Nos","2012-04-27","https://i.scdn.co/image/ab67616d0000b273e32b600cf149063d811341e3","1","2","249986","https://p.scdn.co/mp3-preview/b114e6b3f3b836d6f6009d5c2fd396ee1c7dd104?cid=9950ac751e34487dbbe027c4fd7f8e99","false","62","ARF111200001","spotify:user:11176142204","2023-10-21T21:52:12Z"
"spotify:track:61K6lqGyrl2Aerk0LjAZem","Rollin' Stone","spotify:artist:4y6J8jwRAwO4dssiSmN91R","Muddy Waters","spotify:album:182PeD4zms8Cup3oZcACOB","The Chess Box","spotify:artist:4y6J8jwRAwO4dssiSmN91R","Muddy Waters","1989-11-07","https://i.scdn.co/image/ab67616d0000b273dc8136afa6d14e89c8c321e6","1","11","188160","https://p.scdn.co/mp3-preview/c06a6028a22169900212e61a25da4542445cf5c8?cid=9950ac751e34487dbbe027c4fd7f8e99","false","53","USMC15046850","spotify:user:11176142204","2023-10-22T12:13:50Z"
"spotify:track:3vkQ5DAB1qQMYO4Mr9zJN6","Gimme! Gimme! Gimme! (A Man After Midnight)","spotify:artist:0LcJLqbBmaGUft1e9Mm8HV","ABBA","spotify:album:7iLuHJkrb9KHPkMgddYigh","Voulez-Vous","spotify:artist:0LcJLqbBmaGUft1e9Mm8HV","ABBA","1979","https://i.scdn.co/image/ab67616d0000b273aa22899360d8ba6704732dec","1","13","292613","https://p.scdn.co/mp3-preview/02603b1ac0f95d780cdda0f09ed9c19cdb53089f?cid=9950ac751e34487dbbe027c4fd7f8e99","false","83","SEAYD7901120","spotify:user:11176142204","2023-10-22T12:16:22Z"
"spotify:track:5ChkMS8OtdzJeqyybCc9R5","Billie Jean","spotify:artist:3fMbdgg4jU18AjLCKBhRSm","Michael Jackson","spotify:album:1C2h7mLntPSeVYciMRTF4a","Thriller 25 Super Deluxe Edition","spotify:artist:3fMbdgg4jU18AjLCKBhRSm","Michael Jackson","2008-02-08","https://i.scdn.co/image/ab67616d0000b2734121faee8df82c526cbab2be","1","6","293826","https://p.scdn.co/mp3-preview/0f6b8a3524ec410020457da4cdd7717f9addce2f?cid=9950ac751e34487dbbe027c4fd7f8e99","false","84","USSM19902991","spotify:user:11176142204","2023-10-22T12:16:52Z"
"spotify:track:1MsBRSbt5dqJSw3RxXtvCM","I Want To Break Free - Remastered 2011","spotify:artist:1dfeR4HaWDbWqFHLkxsg1d","Queen","spotify:album:5RS9xkMuDmeVISqGDBmnSa","The Works (2011 Remaster)","spotify:artist:1dfeR4HaWDbWqFHLkxsg1d","Queen","1984-02-27","https://i.scdn.co/image/ab67616d0000b2735be5f807f6f0549e198a44b4","1","6","198773","https://p.scdn.co/mp3-preview/edd258ec3e9caffc007c9da102745388d77c2167?cid=9950ac751e34487dbbe027c4fd7f8e99","false","73","GBUM71106175","spotify:user:11176142204","2023-10-22T12:17:00Z"
"spotify:track:1YQCRXscu8xE74BVVMUCRr","Boys Don't Cry","spotify:artist:7bu3H8JO7d0UbMoVzbo70s","The Cure","spotify:album:5JLKZcOSNXcm6xaX1vI7nB","Staring At The Sea - The Singles","spotify:artist:7bu3H8JO7d0UbMoVzbo70s","The Cure","1986-01-01","https://i.scdn.co/image/ab67616d0000b273e28ad0d658dab65407f0c8f5","1","3","154666","https://p.scdn.co/mp3-preview/42df49849d41e2efd333138145d8857895ec8cdc?cid=9950ac751e34487dbbe027c4fd7f8e99","false","55","GBALB7800001","spotify:user:11176142204","2023-10-22T12:17:08Z"
"spotify:track:1db0gbTSKdRQum8VlbNkiO","Say Say Say - Remastered 2015","spotify:artist:4STHEaNw4mPZ2tzheohgXB, spotify:artist:3fMbdgg4jU18AjLCKBhRSm","Paul McCartney, Michael Jackson","spotify:album:6zlKkX99NhLW8IRy77bYmb","Pipes Of Peace","spotify:artist:4STHEaNw4mPZ2tzheohgXB","Paul McCartney","1983-10-28","https://i.scdn.co/image/ab67616d0000b27392ed057542e2c0d3b9647c07","1","2","235693","https://p.scdn.co/mp3-preview/e263de4ccf737d74d6957090786c0946d25e5c08?cid=9950ac751e34487dbbe027c4fd7f8e99","false","69","GBCCS1500052","spotify:user:11176142204","2023-10-22T12:18:27Z"
"spotify:track:1GjbTNFImFrjFsNdleDe78","Never Tear Us Apart","spotify:artist:1eClJfHLoDI4rZe5HxzBFv","INXS","spotify:album:6p6RTnoHCJMnMx2jcK4oGu","Kick (Remastered 2011)","spotify:artist:1eClJfHLoDI4rZe5HxzBFv","INXS","1987","https://i.scdn.co/image/ab67616d0000b273dac4efc0ebdfd9d92f127129","1","8","184586","https://p.scdn.co/mp3-preview/f823ba04c17d41b80ee811623cd2b7eb97b6af32?cid=9950ac751e34487dbbe027c4fd7f8e99","false","77","GBAMX8700005","spotify:user:11176142204","2023-10-22T12:18:45Z"
"spotify:track:1ukHtC2BBs51jmSGaxoEeL","Got My Mind Set On You","spotify:artist:7FIoB5PHdrMZVC3q2HE5MS","George Harrison","spotify:album:3RmvjorSAkZL2FLzSGxONc","Cloud Nine","spotify:artist:7FIoB5PHdrMZVC3q2HE5MS","George Harrison","1987-11-02","https://i.scdn.co/image/ab67616d0000b2738e25ad02f26060aa6a19b896","1","11","234653","","false","74","GBEXP0300054","spotify:user:11176142204","2023-10-22T12:19:15Z"
"spotify:track:4xiyq1iRdsxuU1BPUJ490Z","Close To Me","spotify:artist:7bu3H8JO7d0UbMoVzbo70s","The Cure","spotify:album:1keBgl5vblFhSc3nMZxPXG","The Head On The Door (Remastered)","spotify:artist:7bu3H8JO7d0UbMoVzbo70s","The Cure","1985-08-26","https://i.scdn.co/image/ab67616d0000b27326590dee77103a16e935eadc","1","7","203266","https://p.scdn.co/mp3-preview/391f80bf6008a2082fcb557293712b256bf5d051?cid=9950ac751e34487dbbe027c4fd7f8e99","false","73","GBALB8500007","spotify:user:11176142204","2023-10-22T12:19:27Z"
"spotify:track:4KFM3A5QF2IMcc6nHsu3Wp","Englishman In New York","spotify:artist:0Ty63ceoRnnJKVEYP0VQpk","Sting","spotify:album:3mVCQqgwEvwD7lHy9KHi7R","...Nothing Like The Sun","spotify:artist:0Ty63ceoRnnJKVEYP0VQpk","Sting","1987-01-01","https://i.scdn.co/image/ab67616d0000b273d0c7c131a979c9e5436f89ce","1","3","267266","https://p.scdn.co/mp3-preview/567a0a36bcbbf673f64446947f99774ebd430f01?cid=9950ac751e34487dbbe027c4fd7f8e99","false","74","USAM18700040","spotify:user:11176142204","2023-10-22T12:19:59Z"
"spotify:track:2mIrfke7vosXAEWfz6ucyo","Lovesong - Remastered","spotify:artist:7bu3H8JO7d0UbMoVzbo70s","The Cure","spotify:album:0H6TddUF2M63ZSHGvhk5yy","Disintegration (Deluxe Edition)","spotify:artist:7bu3H8JO7d0UbMoVzbo70s","The Cure","1989-05-02","https://i.scdn.co/image/ab67616d0000b273ee8b603d6c666ba428daac30","1","4","208266","https://p.scdn.co/mp3-preview/f3c29a7a17c59b6298d44b895fc541566e55f963?cid=9950ac751e34487dbbe027c4fd7f8e99","false","72","GBUM71000211","spotify:user:11176142204","2023-10-22T12:20:08Z"
"spotify:track:1NCuYqMc8hKMb4cpNTcJbD","Another Day in Paradise - 2016 Remaster","spotify:artist:4lxfqrEsLX6N1N4OCSkILp","Phil Collins","spotify:album:2sS9l8uc3d3UsK9unJyrD8","...But Seriously (Deluxe Edition)","spotify:artist:4lxfqrEsLX6N1N4OCSkILp","Phil Collins","1989-11-20","https://i.scdn.co/image/ab67616d0000b273fb2daafa0993f39d87a84385","1","7","322133","https://p.scdn.co/mp3-preview/6e86a5698f1165e5ffa7a537e4f19018e0e10eb4?cid=9950ac751e34487dbbe027c4fd7f8e99","false","79","USRH11602150","spotify:user:11176142204","2023-10-22T12:20:27Z"
"spotify:track:0uMMLry3hzWGn3q3loqMkm","La Bamba","spotify:artist:6OWapcJm9xd55ci9CYbAuT","Los Lobos","spotify:album:0FPwLfwQWd91kV5rZTzMlZ","La Bamba / Charlena","spotify:artist:6OWapcJm9xd55ci9CYbAuT","Los Lobos","1987-06-20","https://i.scdn.co/image/ab67616d0000b273c208d60c83e8611195875e13","1","1","174186","https://p.scdn.co/mp3-preview/7d99bed1d9ec6051f7ca9391e4cb79e1b66342b4?cid=9950ac751e34487dbbe027c4fd7f8e99","false","70","USRH10802794","spotify:user:11176142204","2023-10-22T12:21:49Z"
"spotify:track:4z7maGZkAonDlXlwo8q69f","Da Ya Think I'm Sexy?","spotify:artist:2y8Jo9CKhJvtfeKOsYzRdT","Rod Stewart","spotify:album:38tXOrjXUUfQWWV2DRwMio","Blondes Have More Fun","spotify:artist:2y8Jo9CKhJvtfeKOsYzRdT","Rod Stewart","1978-11-24","https://i.scdn.co/image/ab67616d0000b273843e6e9fe4544fd294d47b4d","1","1","331333","https://p.scdn.co/mp3-preview/d7c9823901cd954ea4ecdb90f920f422d7238714?cid=9950ac751e34487dbbe027c4fd7f8e99","false","75","USWB10807926","spotify:user:11176142204","2023-10-22T12:23:28Z"
"spotify:track:6JRLFiX9NJSoRRKxowlBYr","Is This Love","spotify:artist:2QsynagSdAqZj3U9HgDzjD","Bob Marley & The Wailers","spotify:album:13dXX35pYjr8FqRla40K2a","Kaya","spotify:artist:2QsynagSdAqZj3U9HgDzjD","Bob Marley & The Wailers","1978","https://i.scdn.co/image/ab67616d0000b273387799441ba867649dfbb702","1","3","232200","https://p.scdn.co/mp3-preview/8bbaf3fbb1801c0b9a94fdec7d4eaa69f5b36a9f?cid=9950ac751e34487dbbe027c4fd7f8e99","false","78","USIR27800259","spotify:user:11176142204","2023-10-22T12:24:04Z"
"spotify:track:4MUhGA8YfsYDqD4NhTUtSf","Sé Vos","spotify:artist:6qYd7xlmeeeDkPfx6mZ9PV","Almafuerte","spotify:album:2EC1fS6uKutEPexAfOgBEl","Almafuerte","spotify:artist:6qYd7xlmeeeDkPfx6mZ9PV","Almafuerte","1998-01-01","https://i.scdn.co/image/ab67616d0000b27342b38cbb710a9685b8fcd8a7","1","4","244426","https://p.scdn.co/mp3-preview/c4fa6bc30c6064b2fe44605cacff4a9aef4fe6e0?cid=9950ac751e34487dbbe027c4fd7f8e99","false","60","ARF099800056","spotify:user:11176142204","2023-10-24T12:13:54Z"
"spotify:track:5Mnyex5ZKe30IiaHXJ1562","La Distancia","spotify:artist:7FnZWGw9lwOr7WzieTKEPR","Los Pericos","spotify:album:0zw2MOywrEqrMOVXxWwHgi","La Distancia","spotify:artist:7FnZWGw9lwOr7WzieTKEPR","Los Pericos","2022-04-01","https://i.scdn.co/image/ab67616d0000b27317e7ebcf98968f0c7bf9c144","1","1","227143","https://p.scdn.co/mp3-preview/1a2ec1ebeb6846daf5d4f8e4a799802c87d18230?cid=9950ac751e34487dbbe027c4fd7f8e99","false","49","ARF102200060","spotify:user:11176142204","2023-10-30T03:17:04Z"
"spotify:track:2Vnw8zKmjhr1jczUeaqiQg","Hot Stuff - 12"" Version","spotify:artist:2eogQKWWoohI3BSnoG7E2U","Donna Summer","spotify:album:4h63dypm4IYSGfCDe2Gcz6","Bad Girls (Deluxe Edition)","spotify:artist:2eogQKWWoohI3BSnoG7E2U","Donna Summer","1979-04-25","https://i.scdn.co/image/ab67616d0000b2734863c8620f7c3fa135068768","2","4","407053","https://p.scdn.co/mp3-preview/d37019bac60be264611d12e4abae9e540541e361?cid=9950ac751e34487dbbe027c4fd7f8e99","false","65","USPR37900068","spotify:user:11176142204","2023-10-30T03:29:31Z"
"spotify:track:63T7DJ1AFDD6Bn8VzG6JE8","Paint It, Black","spotify:artist:22bE4uQ6baNwSHPVcDxLCe","The Rolling Stones","spotify:album:72qrnM4yUNMDDlWiqKc8iY","Aftermath","spotify:artist:22bE4uQ6baNwSHPVcDxLCe","The Rolling Stones","1966-04-15","https://i.scdn.co/image/ab67616d0000b273bad7062c3fd2f2d037989694","1","1","202266","https://p.scdn.co/mp3-preview/1db9cec19ec2902b6071214ba3d8f5519f8593c6?cid=9950ac751e34487dbbe027c4fd7f8e99","false","85","USA176610020","spotify:user:11176142204","2023-10-30T04:02:04Z"
"spotify:track:1MYQcK8lIZXO1oXIc6vT4U","OK","spotify:artist:5Hsv8dUHHOdnn72q4XIVz7, spotify:artist:4ZDoy7AWNgQVmX7T0u0B1j","Leiva, No Te Va Gustar","spotify:album:1o2O6dZPkhr0Fflqo0T80E","OK","spotify:artist:5Hsv8dUHHOdnn72q4XIVz7, spotify:artist:4ZDoy7AWNgQVmX7T0u0B1j","Leiva, No Te Va Gustar","2023-11-03","https://i.scdn.co/image/ab67616d0000b273a7d5418cecad803bccf13764","1","1","257637","https://p.scdn.co/mp3-preview/1675277553fb1aa0df85957898e889cd75fa1eb8?cid=9950ac751e34487dbbe027c4fd7f8e99","false","55","ES5022302086","spotify:user:11176142204","2023-11-08T19:30:33Z"
"spotify:track:7lQ8MOhq6IN2w8EYcFNSUk","Without Me","spotify:artist:7dGJo4pcD2V6oG8kP0tJRR","Eminem","spotify:album:2cWBwpqMsDJC1ZUwz813lo","The Eminem Show","spotify:artist:7dGJo4pcD2V6oG8kP0tJRR","Eminem","2002-05-26","https://i.scdn.co/image/ab67616d0000b2736ca5c90113b30c3c43ffb8f4","1","10","290320","https://p.scdn.co/mp3-preview/35fc7456c892c11867fe1513b92dc44e9664eaba?cid=9950ac751e34487dbbe027c4fd7f8e99","true","90","USIR10211038","spotify:user:11176142204","2023-11-09T01:11:09Z"
